CustomerID,ConfidenceScore,Prediction,RiskLevel
7216-EWTRS,0.9523447057420917,Churn,Critical
5419-JPRRN,0.9455001054449356,Churn,Critical
0107-YHINA,0.9355768541320848,Churn,Critical
5178-LMXOP,0.9269829879911519,Churn,Critical
9300-AGZNL,0.9269829879911519,Churn,Critical
9497-QCMMS,0.9269829879911519,Churn,Critical
8775-LHDJH,0.9262935076689056,Churn,Critical
5167-ZFFMM,0.9242255803426799,Churn,Critical
3178-FESZO,0.9223101079084416,Churn,Critical
3988-RQIXO,0.9186835005012808,Churn,Critical
6894-LFHLY,0.9177490682449255,Churn,Critical
9248-OJYKK,0.9177490682449255,Churn,Critical
8149-RSOUN,0.9151149285164378,Churn,Critical
0295-PPHDO,0.9151149285164378,Churn,Critical
4910-GMJOT,0.9151149285164378,Churn,Critical
6618-RYATB,0.9148030548373272,Churn,Critical
2725-KXXWT,0.9076205755339735,Churn,Critical
7274-RTAPZ,0.9076205755339735,Churn,Critical
2609-IAICY,0.9045347098856923,Churn,Critical
6521-YYTYI,0.9039592814597938,Churn,Critical
9725-SCPZG,0.9019035185093991,Churn,Critical
3068-OMWZA,0.9017060538635066,Churn,Critical
0137-OCGAB,0.9014783129746673,Churn,Critical
1069-XAIEM,0.9014377626220038,Churn,Critical
8580-AECUZ,0.8994578085539263,Churn,Critical
6567-HOOPW,0.8994578085539263,Churn,Critical
9124-LHCJQ,0.8977434706300663,Churn,Critical
1455-UGQVH,0.8951362303696558,Churn,Critical
9507-EXLTT,0.8947523335790574,Churn,Critical
7493-TPUWZ,0.8933163391276692,Churn,Critical
3296-SILRA,0.8905661617320788,Churn,Critical
2968-SSGAA,0.8895606480040431,Churn,Critical
8821-XNHVZ,0.8883368801217547,Churn,Critical
5196-SGOAK,0.8883335257475008,Churn,Critical
2868-MZAGQ,0.8879674926025621,Churn,Critical
0495-RVCBF,0.8879674926025621,Churn,Critical
5192-EBGOV,0.8865868968491912,Churn,Critical
4826-XTSOH,0.8865868968491912,Churn,Critical
9300-RENDD,0.8861035499296707,Churn,Critical
5494-HECPR,0.8861035499296707,Churn,Critical
8740-CRYFY,0.8861035499296707,Churn,Critical
2514-GINMM,0.8861035499296707,Churn,Critical
5960-WPXQM,0.8861035499296707,Churn,Critical
1761-AEZZR,0.8861035499296707,Churn,Critical
8058-INTPH,0.8861035499296707,Churn,Critical
9282-IZGQK,0.8859285669134578,Churn,Critical
7181-BQYBV,0.8859116155627949,Churn,Critical
2012-NWRPA,0.883310464442757,Churn,Critical
7594-RQHXR,0.8823846354267576,Churn,Critical
6861-XWTWQ,0.8811366278095951,Churn,Critical
5919-TMRGD,0.8792320603116189,Churn,Critical
5299-SJCZT,0.8791345445692451,Churn,Critical
6023-YEBUP,0.8788435867776717,Churn,Critical
9681-OXGVC,0.8788435867776717,Churn,Critical
1400-MMYXY,0.8774667872385018,Churn,Critical
2254-DLXRI,0.8771426736399494,Churn,Critical
1875-QIVME,0.8767420288435924,Churn,Critical
8884-ADFVN,0.874920700219232,Churn,Critical
4822-RVYBB,0.874920700219232,Churn,Critical
3776-EKTKM,0.8745752310129377,Churn,Critical
3389-YGYAI,0.8742341098456289,Churn,Critical
0897-FEGMU,0.8736798942311399,Churn,Critical
2446-BEGGB,0.8725966775190331,Churn,Critical
6230-BSUXY,0.8719117991540335,Churn,Critical
6857-VWJDT,0.8709066950134184,Churn,Critical
4102-OQUPX,0.8700230508467915,Churn,Critical
3551-HUAZH,0.8700230508467915,Churn,Critical
0723-DRCLG,0.8700230508467915,Churn,Critical
4988-IQIGL,0.8700230508467915,Churn,Critical
1833-VGRUM,0.8700230508467915,Churn,Critical
5240-IJOQT,0.8700230508467915,Churn,Critical
4912-PIGUY,0.8690802436732555,Churn,Critical
9305-CDSKC,0.8684560127925438,Churn,Critical
6086-ESGRL,0.867714002911853,Churn,Critical
0781-LKXBR,0.8672712651444954,Churn,Critical
4078-SAYYN,0.8671328192907445,Churn,Critical
8603-IJWDN,0.8669832119974085,Churn,Critical
9885-CSMWE,0.866340476856859,Churn,Critical
7503-ZGUZJ,0.8651931712403454,Churn,Critical
8473-VUVJN,0.8646028907112359,Churn,Critical
6513-EECDB,0.8646028907112359,Churn,Critical
0021-IKXGC,0.8646028907112359,Churn,Critical
2656-TABEH,0.8639498982565657,Churn,Critical
4587-VVTOX,0.8632426782603299,Churn,Critical
3811-VBYBZ,0.8614818737940856,Churn,Critical
1450-GALXR,0.8607115234668675,Churn,Critical
9444-JTXHZ,0.860676021169011,Churn,Critical
6910-HADCM,0.860676021169011,Churn,Critical
3006-XIMLN,0.8605769811607668,Churn,Critical
7903-CMPEY,0.8602464213706479,Churn,Critical
6496-SLWHQ,0.8587877589888329,Churn,Critical
3158-MOERK,0.8586853567670104,Churn,Critical
5275-SQEIZ,0.8585228451964719,Churn,Critical
6688-UZPWD,0.8572241071624017,Churn,Critical
5052-PNLOS,0.8562415579592229,Churn,Critical
4132-KALRO,0.8558408283746147,Churn,Critical
6960-HVYXR,0.8548712573172728,Churn,Critical
6702-OHFWR,0.8539554801810544,Churn,Critical
8779-QRDMV,0.8539554801810544,Churn,Critical
4424-TKOPW,0.853381694192471,Churn,Critical
2720-WGKHP,0.853381694192471,Churn,Critical
7024-OHCCK,0.853381694192471,Churn,Critical
0679-IDSTG,0.8518597711578216,Churn,Critical
7409-KIUTL,0.8518597711578216,Churn,Critical
9787-XVQIU,0.8503910291191549,Churn,Critical
5834-ASPWA,0.8503910291191549,Churn,Critical
1157-BQCUW,0.8503910291191549,Churn,Critical
1452-VOQCH,0.8503910291191549,Churn,Critical
8816-VXNZD,0.8503910291191549,Churn,Critical
6358-LYNGM,0.8503910291191549,Churn,Critical
4415-IJZTP,0.8503910291191549,Churn,Critical
5797-APWZC,0.849565977621991,Churn,Critical
7294-TMAOP,0.849565977621991,Churn,Critical
2454-RPBRZ,0.8494132720331581,Churn,Critical
6108-OQZDQ,0.8492485350188539,Churn,Critical
0655-RBDUG,0.8491318994490858,Churn,Critical
8098-LLAZX,0.8483774478644284,Churn,Critical
1374-DMZUI,0.8483774478644284,Churn,Critical
5150-ITWWB,0.8483774478644284,Churn,Critical
5567-WSELE,0.8483774478644284,Churn,Critical
4695-WJZUE,0.8477515593624766,Churn,Critical
4844-JJWUY,0.8474332670185893,Churn,Critical
9546-CQJSU,0.847423295532583,Churn,Critical
4927-WWOOZ,0.847423295532583,Churn,Critical
6457-USBER,0.8474046260659746,Churn,Critical
4614-NUVZD,0.8474046260659746,Churn,Critical
2004-OCQXK,0.8474046260659746,Churn,Critical
7851-WZEKY,0.8462110423184773,Churn,Critical
0318-QUUOB,0.8449836322339411,Churn,Critical
7439-DKZTW,0.8449836322339411,Churn,Critical
9057-SIHCH,0.8427963809118398,Churn,Critical
0334-GDDSO,0.8424478861549174,Churn,Critical
0702-PGIBZ,0.8416646829493023,Churn,Critical
5380-AFSSK,0.8413730718855708,Churn,Critical
3387-VATUS,0.8413730718855708,Churn,Critical
3049-SOLAY,0.8410076512472903,Churn,Critical
7595-EUIVN,0.8403631019153448,Churn,Critical
2018-QKYGT,0.8401642670943875,Churn,Critical
7526-BEZQB,0.8401424577357274,Churn,Critical
7576-OYWBN,0.8400266352938861,Churn,Critical
2777-PHDEI,0.8373505574401346,Churn,Critical
6372-RFVNS,0.8373505574401346,Churn,Critical
9019-QVLZD,0.8373505574401346,Churn,Critical
2982-IHMFT,0.8372558388652678,Churn,Critical
8593-WHYHV,0.836648648504033,Churn,Critical
3049-NDXFL,0.8364884213656973,Churn,Critical
7450-NWRTR,0.8350817371931821,Churn,Critical
2202-CUYXZ,0.8349795744778181,Churn,Critical
5597-GLBUC,0.8349795744778181,Churn,Critical
6996-KNSML,0.8349651850810267,Churn,Critical
1628-BIZYP,0.8345625701305307,Churn,Critical
8372-JUXUI,0.8338773979817561,Churn,Critical
7180-PISOG,0.8338773979817561,Churn,Critical
1285-OKIPP,0.8335598303478169,Churn,Critical
5393-RXQSZ,0.8335598303478169,Churn,Critical
6210-KBBPI,0.8334616535929202,Churn,Critical
2636-ALXXZ,0.8321469595228388,Churn,Critical
7206-GZCDC,0.8321469595228388,Churn,Critical
2506-TNFCO,0.8321469595228388,Churn,Critical
1363-TXLSL,0.8321469595228388,Churn,Critical
5550-VFRLC,0.8321469595228388,Churn,Critical
8000-REIQB,0.8321469595228388,Churn,Critical
9488-HGMJH,0.8321469595228388,Churn,Critical
4871-JTKJF,0.8321469595228388,Churn,Critical
9603-OAIHC,0.8321469595228388,Churn,Critical
8062-YBDOE,0.8321469595228388,Churn,Critical
8644-XLFBW,0.8321469595228388,Churn,Critical
9605-WGJVW,0.8321469595228388,Churn,Critical
1846-XWOQN,0.8321469595228388,Churn,Critical
8375-DKEBR,0.8321469595228388,Churn,Critical
5539-TMZLF,0.8321469595228388,Churn,Critical
8051-HJRLT,0.8321469595228388,Churn,Critical
1977-STDKI,0.8321469595228388,Churn,Critical
3878-AVSOQ,0.8321469595228388,Churn,Critical
2545-EBUPK,0.832083401774405,Churn,Critical
9223-UCPVT,0.8314295624576448,Churn,Critical
4626-GYCZP,0.8313593410360354,Churn,Critical
8161-QYMTT,0.8313593410360354,Churn,Critical
6356-ELRKD,0.8311077275454172,Churn,Critical
0684-AOSIH,0.8311077275454172,Churn,Critical
0235-KGSLC,0.8302777602058325,Churn,Critical
2660-EMUBI,0.8296767007728635,Churn,Critical
3722-WPXTK,0.829382125618154,Churn,Critical
3097-NQYSN,0.8278355390427083,Churn,Critical
5095-AESKG,0.8276588651148261,Churn,Critical
5519-NPHVG,0.8263622915312182,Churn,Critical
2982-VPSGI,0.8263622915312182,Churn,Critical
8168-UQWWF,0.8258414994594552,Churn,Critical
8945-GRKHX,0.8257976041801082,Churn,Critical
1448-PWKYE,0.8257976041801082,Churn,Critical
7932-WPTDS,0.824072387953467,Churn,Critical
9514-JDSKI,0.8234759911132091,Churn,Critical
3902-FOIGH,0.8232062845528052,Churn,Critical
0742-NXBGR,0.8230602020385995,Churn,Critical
4750-ZRXIU,0.8224971515670612,Churn,Critical
4445-ZJNMU,0.8205527750180597,Churn,Critical
0196-VULGZ,0.82006917996694,Churn,Critical
8775-ERLNB,0.8200225719006237,Churn,Critical
2462-XIIJB,0.8198166970395304,Churn,Critical
1143-NMNQJ,0.8177091588607075,Churn,Critical
2612-RANWT,0.817333388890856,Churn,Critical
5299-RULOA,0.8155599566537848,Churn,Critical
8348-HFYIV,0.8152816127576538,Churn,Critical
5564-NEMQO,0.8144290261275953,Churn,Critical
1455-ESIQH,0.8133798995816593,Churn,Critical
7943-RQCHR,0.813209248900051,Churn,Critical
0564-JJHGS,0.813209248900051,Churn,Critical
8992-JQYUN,0.8125822203420064,Churn,Critical
4702-IOQDC,0.811723730186272,Churn,Critical
4806-HIPDW,0.811723730186272,Churn,Critical
3428-XZMAZ,0.811723730186272,Churn,Critical
7254-IQWOZ,0.811723730186272,Churn,Critical
9728-FTTVZ,0.811723730186272,Churn,Critical
9804-ICWBG,0.811723730186272,Churn,Critical
3244-DCJWY,0.811723730186272,Churn,Critical
3494-JCHRQ,0.811723730186272,Churn,Critical
7465-ZZRVX,0.811723730186272,Churn,Critical
2446-PLQVO,0.811723730186272,Churn,Critical
4603-JANFB,0.811723730186272,Churn,Critical
1820-TQVEV,0.811723730186272,Churn,Critical
7665-TOALD,0.811723730186272,Churn,Critical
6653-CBBOM,0.811723730186272,Churn,Critical
4510-HIMLV,0.811723730186272,Churn,Critical
1640-PLFMP,0.811723730186272,Churn,Critical
6502-MJQAE,0.811723730186272,Churn,Critical
6457-GIRWB,0.811723730186272,Churn,Critical
3765-JXVKY,0.811723730186272,Churn,Critical
5542-TBBWB,0.811723730186272,Churn,Critical
5376-DEQCP,0.811723730186272,Churn,Critical
4274-OWWYO,0.811723730186272,Churn,Critical
7660-HDPJV,0.811723730186272,Churn,Critical
5875-YPQFJ,0.811723730186272,Churn,Critical
3716-BDVDB,0.811723730186272,Churn,Critical
1447-GIQMR,0.811723730186272,Churn,Critical
0328-GRPMV,0.811723730186272,Churn,Critical
1031-IIDEO,0.811723730186272,Churn,Critical
0488-GSLFR,0.811723730186272,Churn,Critical
9172-ANCRX,0.8113589240845482,Churn,Critical
2952-QAYZF,0.8112443500114875,Churn,Critical
8622-ZLFKO,0.8112120482001423,Churn,Critical
3707-GNWHM,0.8108920560463431,Churn,Critical
3746-EUBYR,0.8108920560463431,Churn,Critical
3276-HDUEG,0.8108920560463431,Churn,Critical
1579-KLYDT,0.8091742172863551,Churn,Critical
3398-FSHON,0.8081979211441715,Churn,Critical
6969-MVBAI,0.8073215233702937,Churn,Critical
4929-XIHVW,0.8068324031979413,Churn,Critical
2754-SDJRD,0.805094017421421,Churn,Critical
7120-RFMVS,0.8049497402778525,Churn,Critical
5277-ZLOOR,0.8042019433609293,Churn,Critical
0970-ETWGE,0.8039444692089066,Churn,Critical
3643-AHCFP,0.8037916154407903,Churn,Critical
9025-AOMKI,0.8034323996089207,Churn,Critical
5134-IKDAY,0.8031835912325216,Churn,Critical
1853-UDXBW,0.8031835912325216,Churn,Critical
4550-EVXNY,0.8031835912325216,Churn,Critical
3422-LYEPQ,0.8031835912325216,Churn,Critical
6416-TVAIH,0.8031835912325216,Churn,Critical
9399-APLBT,0.8031835912325216,Churn,Critical
8380-PEFPE,0.8031835912325216,Churn,Critical
5054-IEXZT,0.8031835912325216,Churn,Critical
5293-WXJAK,0.8025204326373983,Churn,Critical
1624-NALOJ,0.8019841766372071,Churn,Critical
7234-FECYN,0.8010279316694385,Churn,Critical
1075-BGWOH,0.799716873812028,Churn,High
3319-DWOEP,0.7996511897562567,Churn,High
6892-EZDTG,0.799323743345331,Churn,High
7330-WZLNC,0.799323743345331,Churn,High
0404-SWRVG,0.7981483068118912,Churn,High
6630-UJZMY,0.7979166253210802,Churn,High
5383-MMTWC,0.7977342523991398,Churn,High
8972-HJWNV,0.7977342523991398,Churn,High
0023-HGHWL,0.7974215961610114,Churn,High
1768-ZAIFU,0.7974215961610114,Churn,High
6474-FVJLC,0.7972203711371754,Churn,High
8780-IXSTS,0.7966571595222927,Churn,High
3462-BJQQA,0.7966571595222927,Churn,High
0390-DCFDQ,0.7960080354538418,Churn,High
8309-IEYJD,0.7960080354538418,Churn,High
2369-UAPKZ,0.7956587976528128,Churn,High
1273-MTETI,0.7953386021633458,Churn,High
0754-UKWQP,0.7952674868432787,Churn,High
0259-GBZSH,0.7952032740992833,Churn,High
5378-IKEEG,0.7948925652718484,Churn,High
0375-HVGXO,0.7948925652718484,Churn,High
0195-IESCP,0.7938095045492192,Churn,High
5419-CONWX,0.7930737567951545,Churn,High
3198-VELRD,0.7929222276229686,Churn,High
4228-ZGYUW,0.7929098282177064,Churn,High
1465-VINDH,0.7928988662578565,Churn,High
2024-BASKD,0.7923878475834885,Churn,High
1567-DSCIC,0.7920848032692199,Churn,High
6015-VVHHE,0.7917373586429279,Churn,High
7089-IVVAZ,0.7898886447693934,Churn,High
5186-SAMNZ,0.7890262604201412,Churn,High
8739-XNIKG,0.7887049859868793,Churn,High
7488-MXJIV,0.7887049859868793,Churn,High
4548-SDBKE,0.7887049859868793,Churn,High
5644-PDMZC,0.7884894291817082,Churn,High
2642-DTVCO,0.7865161613852227,Churn,High
8058-JMEQO,0.7865161613852227,Churn,High
9965-YOKZB,0.7865161613852227,Churn,High
2205-YMZZJ,0.7863177753336902,Churn,High
9221-OTIVJ,0.7859476105708251,Churn,High
3727-RJMEO,0.7859350883940944,Churn,High
0616-ATFGB,0.7855214875935533,Churn,High
0612-RTZZA,0.7855214875935533,Churn,High
3027-ZTDHO,0.7854072822721258,Churn,High
8382-SHQEH,0.7845379547752483,Churn,High
3992-YWPKO,0.7823195325301586,Churn,High
3871-IKPYH,0.7822263327560861,Churn,High
4951-UKAAQ,0.7818496704405383,Churn,High
3489-HHPFY,0.7813594247627809,Churn,High
8258-GSTJK,0.7809684853504198,Churn,High
5923-GXUOC,0.7809559957896165,Churn,High
9061-TIHDA,0.7807975776881606,Churn,High
1724-BQUHA,0.7805835523309832,Churn,High
2865-TCHJW,0.7797469687514197,Churn,High
7938-OUHIO,0.7783535911873688,Churn,High
2867-UIMSS,0.7782180410627325,Churn,High
3677-IYRBF,0.7771860719822756,Churn,High
6432-TWQLB,0.7769620031137469,Churn,High
1925-TIBLE,0.7767253674086249,Churn,High
2074-GKOWZ,0.7762393714125106,Churn,High
4952-YSOGZ,0.7753329663327446,Churn,High
2265-CYWIV,0.7751300219616818,Churn,High
4140-MUHUG,0.7750530282335953,Churn,High
9611-CTWIH,0.7749898277368927,Churn,High
3091-FYHKI,0.7749551030295838,Churn,High
0841-NULXI,0.7749551030295838,Churn,High
0680-DFNNY,0.7749032820927397,Churn,High
1941-HOSAM,0.7740100662616922,Churn,High
7314-OXENN,0.7739122089707364,Churn,High
9957-YODKZ,0.773436625237656,Churn,High
7209-JCUDS,0.77342788732824,Churn,High
6979-ZNSFF,0.7725889714918835,Churn,High
0812-WUPTB,0.7721402872917483,Churn,High
2990-HWIML,0.7720920902385185,Churn,High
4795-KTRTH,0.7719957725731836,Churn,High
7969-AULMZ,0.7714613146429861,Churn,High
8937-RDTHP,0.771248933208909,Churn,High
6683-VLCTZ,0.7711134316266391,Churn,High
1571-SAVHK,0.7708216922972838,Churn,High
1618-CFHME,0.7707243530144257,Churn,High
0637-KVDLV,0.7707243530144257,Churn,High
6615-NGGZJ,0.7703704799474115,Churn,High
3473-XIIIT,0.7703704799474115,Churn,High
9940-RHLFB,0.7700042222533688,Churn,High
1415-YFWLT,0.7699113973137288,Churn,High
1334-FJSVR,0.7690939367082777,Churn,High
1304-NECVQ,0.769056775579789,Churn,High
7074-IEVOJ,0.7687606379304665,Churn,High
9134-CEQMF,0.7682787608269976,Churn,High
1731-TVIUK,0.7681756820507665,Churn,High
6168-WFVVF,0.7680688817243544,Churn,High
8931-GJJIQ,0.767047447409937,Churn,High
6275-YDUVO,0.7663822807307121,Churn,High
5956-YHHRX,0.7663717181828067,Churn,High
3422-GALYP,0.7663222213655158,Churn,High
6772-KSATR,0.7660507263669687,Churn,High
3621-CEOVK,0.7659558283926466,Churn,High
0011-IGKFF,0.7650676643849403,Churn,High
7908-QCBCA,0.764839069932388,Churn,High
3066-RRJIO,0.764839069932388,Churn,High
9894-EZEWG,0.764839069932388,Churn,High
0968-GSIKN,0.764839069932388,Churn,High
8042-JVNFH,0.764839069932388,Churn,High
6140-QNRQQ,0.764839069932388,Churn,High
5032-MIYKT,0.764839069932388,Churn,High
9985-MWVIX,0.764839069932388,Churn,High
2619-WFQWU,0.764839069932388,Churn,High
9617-INGJY,0.764839069932388,Churn,High
2180-DXNEG,0.7640811528529885,Churn,High
5835-BEQEU,0.763124367953018,Churn,High
0697-ZMSWS,0.7630243127997396,Churn,High
9185-TQCVP,0.7629721451393368,Churn,High
5889-LFOLL,0.7629721451393368,Churn,High
0219-YTZUE,0.7626468375098012,Churn,High
0495-ZBNGW,0.7619847212915998,Churn,High
4143-OOBWZ,0.7619550719749846,Churn,High
2034-GDRCN,0.7617822176273865,Churn,High
8414-MYSHR,0.760495598935609,Churn,High
6350-XFYGW,0.760495598935609,Churn,High
9436-ZBZCT,0.7599971632290108,Churn,High
7295-JOMMD,0.7595805567117122,Churn,High
7817-BOQPW,0.7591625743711119,Churn,High
3519-ZKXGG,0.7586511972084116,Churn,High
8443-ZRDBZ,0.7586511972084116,Churn,High
4581-SSPWD,0.7586511972084116,Churn,High
8337-UPOAQ,0.7582706760255798,Churn,High
1564-NTYXF,0.7582343222214144,Churn,High
3045-XETSH,0.7573176260708416,Churn,High
9547-ITEFG,0.7571866989904595,Churn,High
0722-TROQR,0.7571603432223133,Churn,High
1197-BVMVG,0.7571603432223133,Churn,High
5956-VKDTT,0.7571603432223133,Churn,High
0231-LXVAP,0.7566648953266606,Churn,High
5565-FILXA,0.7562064336810976,Churn,High
8245-UMPYT,0.7562064336810976,Churn,High
6137-NICCO,0.7555559534085157,Churn,High
1086-LXKFY,0.7548146326252293,Churn,High
1122-JWTJW,0.7548146326252293,Churn,High
2920-RNCEZ,0.7548146326252293,Churn,High
0515-YPMCW,0.7548146326252293,Churn,High
1062-LHZOD,0.7548146326252293,Churn,High
4192-GORJT,0.7545507903560762,Churn,High
3318-NMQXL,0.7545507903560762,Churn,High
2215-ZAFGX,0.7544320974687172,Churn,High
2691-NZETQ,0.7544320974687172,Churn,High
7249-WBIYX,0.7544320974687172,Churn,High
1569-TTNYJ,0.7540912195760628,Churn,High
7548-SEPYI,0.7528688564660975,Churn,High
8118-LSUEL,0.7526051589117703,Churn,High
1746-TGTWV,0.751685249098551,Churn,High
9747-DDZOS,0.751685249098551,Churn,High
2672-HUYVI,0.7514742435743911,Churn,High
0094-OIFMO,0.7513461597390061,Churn,High
4090-KPJIP,0.7513030078647441,Churn,High
9306-CPCBC,0.7513030078647441,Churn,High
1320-HTRDR,0.7513030078647441,Churn,High
9907-SWKKF,0.7508837246550908,Churn,High
2929-ERCFZ,0.7507299626625195,Churn,High
7613-LLQFO,0.7502079706836529,Churn,High
1389-CXMLU,0.7499049874106557,Churn,High
9094-AZPHK,0.7493877489491813,Churn,High
7079-QRCBC,0.749309289736188,Churn,High
3801-HMYNL,0.749149157970911,Churn,High
6424-ELEYH,0.7481469843088459,Churn,High
4145-UQXUQ,0.7474287890470265,Churn,High
8808-ELEHO,0.747098297284032,Churn,High
0722-SVSFK,0.7470484473597016,Churn,High
2674-MIAHT,0.7469967818389801,Churn,High
9734-YWGEX,0.746945077749087,Churn,High
1309-BXVOQ,0.7469215994513463,Churn,High
7341-LXCAF,0.7466807049398166,Churn,High
4749-OJKQU,0.7466807049398166,Churn,High
8083-YTZES,0.7466807049398166,Churn,High
1195-OIYEJ,0.7457286913122787,Churn,High
7577-SWIFR,0.7442431101807386,Churn,High
5519-YLDGW,0.7436656668820221,Churn,High
8185-UPYBR,0.7435390402369391,Churn,High
4229-CZMLL,0.7435390402369391,Churn,High
8357-EQXFO,0.7412699881822046,Churn,High
3177-LASXD,0.7404581419185955,Churn,High
5583-SXDAG,0.7404581419185955,Churn,High
4759-TRPLW,0.7404581419185955,Churn,High
9840-EFJQB,0.7404581419185955,Churn,High
2262-SLNVK,0.7404581419185955,Churn,High
2856-HYAPG,0.7404581419185955,Churn,High
1915-IOFGU,0.7404581419185955,Churn,High
7153-OANIO,0.7404581419185955,Churn,High
4597-NUCQV,0.7395681527010484,Churn,High
6892-XPFPU,0.7395681527010484,Churn,High
4112-LUEIZ,0.739227830676873,Churn,High
5883-GTGVD,0.7389440571328596,Churn,High
2077-MPJQO,0.7389118229279799,Churn,High
7130-VTEWQ,0.7389118229279799,Churn,High
9334-GWGOW,0.7389118229279799,Churn,High
8313-NDOIA,0.7384759215071965,Churn,High
6326-MTTXK,0.7383022896461919,Churn,High
2027-FECZV,0.7382824444896469,Churn,High
6734-GMPVK,0.7382548912623839,Churn,High
2430-USGXP,0.7382473987592125,Churn,High
4298-OYIFC,0.737958045074926,Churn,High
0329-GTIAJ,0.7378497802511946,Churn,High
3834-XUIFC,0.7377024527107012,Churn,High
7384-GHBPI,0.7368784940090426,Churn,High
0325-XBFAC,0.736699407896132,Churn,High
4813-HQMGZ,0.7354795662779259,Churn,High
5357-TZHPP,0.7353827743337092,Churn,High
0220-EBGCE,0.7353619943938514,Churn,High
5649-ANRML,0.7339862162874159,Churn,High
6435-SRWBJ,0.7337531312636824,Churn,High
2868-SNELZ,0.7331667632983101,Churn,High
3106-ULWFW,0.7330915426422622,Churn,High
7235-NXZCP,0.7328072158055456,Churn,High
2516-VQRRV,0.7328072158055456,Churn,High
4236-XPXAV,0.7326695767642606,Churn,High
8903-XEBGX,0.7320257912083796,Churn,High
4273-MBHYA,0.7314072843952089,Churn,High
5348-CAGXB,0.7302313312658614,Churn,High
6328-ZPBGN,0.7301652081726498,Churn,High
3606-TWKGI,0.7301036786376003,Churn,High
1496-GGSUK,0.7299382887835326,Churn,High
0661-XEYAN,0.7299382887835326,Churn,High
2645-QTLMB,0.7298589465468103,Churn,High
4822-NGOCH,0.7298100460125759,Churn,High
7693-LCKZL,0.7286902611778646,Churn,High
5868-YWPDW,0.7282971737689943,Churn,High
8625-AZYZY,0.7281857841876346,Churn,High
6711-FLDFB,0.7279276546314539,Churn,High
0122-OAHPZ,0.7279276546314539,Churn,High
0840-DFEZH,0.7279276546314539,Churn,High
5561-NWEVX,0.7275704389180511,Churn,High
0880-TKATG,0.7274231264931411,Churn,High
0306-JAELE,0.7274039857304362,Churn,High
3440-JPSCL,0.7266835474492329,Churn,High
3797-VTIDR,0.7264371856476954,Churn,High
6860-YRJZP,0.7255536910722674,Churn,High
0709-TVGUR,0.7255536910722674,Churn,High
9809-IMGCQ,0.724825512716137,Churn,High
9317-WZPGV,0.7242004020550177,Churn,High
7228-OMTPN,0.7232780176199968,Churn,High
3030-YDNRM,0.7232093859597013,Churn,High
3199-XGZCY,0.7232093859597013,Churn,High
7568-PODML,0.7228722758265106,Churn,High
9451-LPGOO,0.7225622444338801,Churn,High
1024-GUALD,0.722485992801696,Churn,High
7005-CCBKV,0.7218454718955317,Churn,High
3393-FMZPV,0.7218105208347546,Churn,High
6060-DRTNL,0.7215029843130435,Churn,High
9685-WKZGT,0.7210165083182521,Churn,High
2272-QAGFO,0.7210165083182521,Churn,High
0511-JTEOY,0.720639641376082,Churn,High
5940-AHUHD,0.720639641376082,Churn,High
0519-XUZJU,0.720639641376082,Churn,High
4501-EQDRN,0.720639641376082,Churn,High
5884-GCYMI,0.720639641376082,Churn,High
0151-ONTOV,0.720639641376082,Churn,High
8040-MNRTF,0.720639641376082,Churn,High
4110-PFEUZ,0.720639641376082,Churn,High
4201-JMNGR,0.7204752401927517,Churn,High
7779-LGOVN,0.7201594626769467,Churn,High
7858-GTZSP,0.7195310002063722,Churn,High
4735-ASGMA,0.7186137328900682,Churn,High
9944-HKVVB,0.7185738732791391,Churn,High
6215-NQCPY,0.7184375864588247,Churn,High
0822-GAVAP,0.7180664210886601,Churn,High
2485-ITVKB,0.7180664210886601,Churn,High
5229-PRWKT,0.7177870026564198,Churn,High
4290-BSXUX,0.7176793067576442,Churn,High
4713-LZDRV,0.7173370488125674,Churn,High
0365-BZUWY,0.7169744775375884,Churn,High
8087-LGYHQ,0.7167276901438501,Churn,High
1965-AKTSX,0.7160116444381222,Churn,High
3338-CVVEH,0.7158114935719807,Churn,High
0236-HFWSV,0.7151293421934034,Churn,High
6956-SMUCM,0.7150966854928031,Churn,High
3793-MMFUH,0.7145756295357901,Churn,High
3320-VEOYC,0.7145756295357901,Churn,High
8541-QVFKM,0.7136817523572051,Churn,High
8510-AWCXC,0.7133959640661766,Churn,High
7398-SKNQZ,0.7126611607703955,Churn,High
5159-YFPKQ,0.7126460164851713,Churn,High
0135-NMXAP,0.7125738281483565,Churn,High
5685-IIXLY,0.712382721620655,Churn,High
4060-LDNLU,0.7117766628871889,Churn,High
8086-OVPWV,0.7107284635733992,Churn,High
9878-TNQGW,0.7107284635733992,Churn,High
1084-UQCHV,0.7094468307277868,Churn,High
1866-OBPNR,0.7094468307277868,Churn,High
1200-TUZHR,0.7077436044812438,Churn,High
6390-DSAZX,0.7077068873107395,Churn,High
8943-URTMR,0.7075858106281562,Churn,High
9921-ZVRHG,0.7068318834235255,Churn,High
9430-FRQOC,0.7059334364673698,Churn,High
3874-EQOEP,0.7055482741069673,Churn,High
3585-ISXZP,0.7055482741069673,Churn,High
7218-HKQFK,0.7052120919299801,Churn,High
8361-LTMKD,0.7047058021002713,Churn,High
4847-TAJYI,0.7042195921822507,Churn,High
4086-YQSNZ,0.704140786513629,Churn,High
5673-FSSMF,0.703706070173792,Churn,High
4636-QRJKY,0.7036294911728371,Churn,High
8443-WVPSS,0.7035636468943527,Churn,High
1658-BYGOY,0.7032556800220588,Churn,High
2013-SGDXK,0.7032498131363292,Churn,High
4282-YMKNA,0.7026274661193672,Churn,High
1219-NNDDO,0.7026274661193672,Churn,High
8065-YKXKD,0.7026274661193672,Churn,High
5928-QLDHB,0.7026274661193672,Churn,High
7354-OIJLX,0.7026274661193672,Churn,High
3074-GQWYX,0.7025126149118155,Churn,High
5590-BYNII,0.7024610870442158,Churn,High
9565-DJPIB,0.7019395677246903,Churn,High
7479-NITWS,0.7017421458140385,Churn,High
1980-KXVPM,0.7008117413671773,Churn,High
6856-RAURS,0.7007998793131768,Churn,High
1981-INRFU,0.7004799997606066,Churn,High
7760-OYPDY,0.7004799997606066,Churn,High
4529-CKBCL,0.7004799997606066,Churn,High
9689-PTNPG,0.7004799997606066,Churn,High
4234-XTNEA,0.7004799997606066,Churn,High
0876-WDUUZ,0.7001146716309665,Churn,High
3538-WZPHD,0.700056009098447,Churn,High
3877-JRJIP,0.6998128524918112,Churn,High
7508-MYBOG,0.6996600716462702,Churn,High
3217-FZDMN,0.6992291603961592,Churn,High
6161-UUUTA,0.6989931136705988,Churn,High
9231-ZJYAM,0.6989931136705988,Churn,High
6941-PMGEP,0.6967391423665837,Churn,High
4806-KEXQR,0.6967391423665837,Churn,High
4210-QFJMF,0.6967391423665837,Churn,High
2789-HQBOU,0.6967391423665837,Churn,High
3292-PBZEJ,0.6967349824517824,Churn,High
7156-MHUGY,0.6963475181176999,Churn,High
6229-LSCKB,0.69550121118334,Churn,High
7780-OTDSO,0.6952671246349172,Churn,High
5935-FCCNB,0.6951663312971967,Churn,High
1626-ERCMM,0.6951663312971967,Churn,High
7668-XCFYV,0.6951663312971967,Churn,High
7225-CBZPL,0.6951663312971967,Churn,High
4094-NSEDU,0.6951663312971967,Churn,High
3452-GWUIN,0.6951663312971967,Churn,High
9330-IJWIO,0.6945907177596615,Churn,High
9050-IKDZA,0.6943133399922206,Churn,High
5570-PTWEH,0.6941442930870826,Churn,High
9850-OWRHQ,0.6941442930870826,Churn,High
3663-MITLP,0.6939424600662956,Churn,High
1740-CSDJP,0.6938318978252189,Churn,High
1960-UYCNN,0.6929691289419185,Churn,High
0187-QSXOE,0.6928680867874929,Churn,High
4115-NZRKS,0.6928680867874929,Churn,High
2154-KVJFF,0.6926259993018944,Churn,High
9837-BMCLM,0.692139713381676,Churn,High
2612-RRIDN,0.692139713381676,Churn,High
8752-STIVR,0.692139713381676,Churn,High
7563-BIUPC,0.692139713381676,Churn,High
2959-MJHIC,0.692139713381676,Churn,High
1678-FYZOW,0.692139713381676,Churn,High
5429-LWCMV,0.6917383554707648,Churn,High
2472-OVKUP,0.6916932169519652,Churn,High
9851-KIELU,0.6910842641043848,Churn,High
9897-KXHCM,0.6909456668725917,Churn,High
5382-SOYZL,0.6908900612713991,Churn,High
6221-AVQYL,0.690830630272868,Churn,High
1173-XZPYF,0.6905819707420754,Churn,High
5480-HPRRX,0.69013971977505,Churn,High
8111-SLLHI,0.6898039303917938,Churn,High
5168-MSWXT,0.6895613767024917,Churn,High
2276-YDAVZ,0.6888995354686973,Churn,High
8714-CTZJW,0.6886732065779227,Churn,High
5482-PLVPE,0.6877093316713442,Churn,High
2672-DZUOY,0.6863042317969567,Churn,High
5995-SNNEW,0.6856071656672397,Churn,High
0013-EXCHZ,0.6851418031816671,Churn,High
1866-RZZQS,0.6850925835875586,Churn,High
7495-OOKFY,0.6849262235187826,Churn,High
9696-RMYBA,0.6840069266500093,Churn,High
9095-HFAFX,0.6840069266500093,Churn,High
2123-AGEEN,0.6839652677945894,Churn,High
8010-EZLOU,0.6837829800241654,Churn,High
5698-BQJOH,0.6832866472568492,Churn,High
5804-LEPIM,0.6820124697162643,Churn,High
7952-OBOYL,0.6813698516401474,Churn,High
9174-FKWZE,0.6800855681407102,Churn,High
8111-RKSPX,0.6787155549989996,Churn,High
7767-UXAGJ,0.6781118817105014,Churn,High
2737-WFVYW,0.6772666170842317,Churn,High
8800-JOOCF,0.6770647959576981,Churn,High
5445-UTODQ,0.676927853850469,Churn,High
6437-UKHMV,0.676927853850469,Churn,High
4285-GYRQC,0.676927853850469,Churn,High
7638-QVMVY,0.676927853850469,Churn,High
3587-PMCOY,0.6767088270440194,Churn,High
0916-QOFDP,0.6766641635192179,Churn,High
7854-FOKSF,0.6763761203094202,Churn,High
3295-YVUSR,0.6761696755180941,Churn,High
4598-XLKNJ,0.6759718321944306,Churn,High
6608-QQLVK,0.675766729933852,Churn,High
8242-SOQUO,0.6757308548611414,Churn,High
5712-PTIWW,0.675648303199933,Churn,High
6407-UTSLV,0.6748973471093671,Churn,High
4395-PZMSN,0.6745416196035314,Churn,High
5047-LHVLY,0.6743410243770014,Churn,High
3372-KWFBM,0.6741571220882735,Churn,High
4514-GFCFI,0.6741571220882735,Churn,High
0248-IPDFW,0.6741340770389836,Churn,High
2740-TVLFN,0.6741340770389836,Churn,High
0337-CNPZE,0.6724916629949981,Churn,High
2845-AFFTX,0.6724358123261436,Churn,High
9874-QLCLH,0.6722645367551872,Churn,High
2761-OCIAX,0.6718005599980841,Churn,High
3750-CKVKH,0.6713484230660346,Churn,High
4884-ZTHVF,0.6711480810296631,Churn,High
9919-KNPOO,0.6708532234603864,Churn,High
3096-GKWEB,0.6708532234603864,Churn,High
5955-ERIHD,0.6708532234603864,Churn,High
1010-DIAUQ,0.6706163934830038,Churn,High
6786-OBWQR,0.6699275788775397,Churn,High
7273-TEFQD,0.669571988952317,Churn,High
1704-NRWYE,0.6690549947819624,Churn,High
1565-RHDJD,0.6685613590352891,Churn,High
7392-YYPYJ,0.6684286742013593,Churn,High
5318-IXUZF,0.6677560965085529,Churn,High
9822-OAOVB,0.6669230892305534,Churn,High
5501-TVMGM,0.6669230892305534,Churn,High
3063-QFSZL,0.6669230892305534,Churn,High
3583-EKAPL,0.6669230892305534,Churn,High
5909-ECHUI,0.6669230892305534,Churn,High
2876-GZYZC,0.6655428634223687,Churn,High
3138-BKYAV,0.664923448838989,Churn,High
2379-ENZGV,0.664923448838989,Churn,High
7402-EYFXX,0.6646753055621543,Churn,High
9237-HQITU,0.6646250881474086,Churn,High
2897-DOVND,0.6646250881474086,Churn,High
8835-VSDSE,0.6646250881474086,Churn,High
9717-QEBGU,0.6646250881474086,Churn,High
4770-UEZOX,0.6646250881474086,Churn,High
3721-CNEYS,0.6646250881474086,Churn,High
9360-OMDZZ,0.6643264508070809,Churn,High
8999-BOHSE,0.6638305313885675,Churn,High
5276-KQWHG,0.6637525324676026,Churn,High
6877-TJMBR,0.6634030376196218,Churn,High
0674-EYYZV,0.6627781636442236,Churn,High
4706-AXVKM,0.6627438708051552,Churn,High
9314-IJWSQ,0.6624032058724543,Churn,High
2055-PDADH,0.6623579923216466,Churn,High
5520-FVEWJ,0.6622517584442054,Churn,High
9189-JWSHV,0.6619159509196532,Churn,High
4631-OACRM,0.6616861467379351,Churn,High
2026-TGDHM,0.6616492446224909,Churn,High
3703-VAVCL,0.6615658348645964,Churn,High
4009-ALQFH,0.6612515855988615,Churn,High
5569-KGJHX,0.6612319284454874,Churn,High
3629-ZNKXA,0.661107386307944,Churn,High
8128-YVJRG,0.6607300884357611,Churn,High
9274-CNFMO,0.6601553208804862,Churn,High
2135-DQWAQ,0.6601496078211121,Churn,High
4315-MURBD,0.6601336176853999,Churn,High
2657-VPXTA,0.6601024669933582,Churn,High
6982-UQZLY,0.6596894089183443,Churn,High
8064-RAVOH,0.6595482611716508,Churn,High
7890-VYYWG,0.6585000896343853,Churn,High
6077-BDPXA,0.6584309974384643,Churn,High
2722-JMONI,0.6582641838667889,Churn,High
4021-RQSNY,0.6580230630021902,Churn,High
5349-IECLD,0.6580080163591261,Churn,High
7994-UYIVZ,0.657363142481658,Churn,High
0689-NKYLF,0.6573115467034849,Churn,High
5673-TIYIB,0.6572321621893176,Churn,High
2880-FPNAE,0.6571772872764705,Churn,High
7625-XCQRH,0.6568802358041178,Churn,High
1024-VRZHF,0.6568802358041178,Churn,High
7044-YAACC,0.6568376317820391,Churn,High
0644-OQMDK,0.6568376317820391,Churn,High
2799-ARNLO,0.6568376317820391,Churn,High
9846-GKXAS,0.6561856619851028,Churn,High
0115-TFERT,0.6554368169054329,Churn,High
7379-POKDZ,0.6550820694820129,Churn,High
7245-NIIWQ,0.6550820694820129,Churn,High
1513-XNPPH,0.6548981741410571,Churn,High
5233-GEEAX,0.6539473998824352,Churn,High
7142-HVGBG,0.6538042501732975,Churn,High
8374-XGEJJ,0.6538042501732975,Churn,High
1342-JPNKI,0.6536566717286968,Churn,High
8225-BTJAU,0.6535945933064717,Churn,High
2688-BHGOG,0.6535945933064717,Churn,High
0067-DKWBL,0.6535863002985303,Churn,High
8875-AKBYH,0.6533327129087758,Churn,High
2495-INZWQ,0.6532254822397278,Churn,High
1379-FRVEB,0.6528183405789435,Churn,High
9851-QXEEQ,0.6525213271841741,Churn,High
9741-YLNTD,0.6525069987064993,Churn,High
5502-RLUYV,0.6523983401672323,Churn,High
9102-IAYHT,0.6521699135445991,Churn,High
4301-VVZKA,0.6515829508150056,Churn,High
8118-TJAFG,0.6511035340348417,Churn,High
3627-FHKBK,0.6508124616750409,Churn,High
3186-BAXNB,0.6507228340947179,Churn,High
5759-RCVCB,0.649859114487268,Churn,High
0004-TLHLJ,0.6495056982312979,Churn,High
9408-SSNVZ,0.6495056982312979,Churn,High
0018-NYROU,0.6495056982312979,Churn,High
5399-ZIMKF,0.6495056982312979,Churn,High
2058-DCJBE,0.6495056982312979,Churn,High
6047-YHPVI,0.6495056982312979,Churn,High
5138-WVKYJ,0.6492198359546167,Churn,High
1184-PJVDB,0.6491708392492515,Churn,High
6127-ISGTU,0.6490143830997327,Churn,High
0455-XFASS,0.6488938127537843,Churn,High
6100-QQHEB,0.6487692165991615,Churn,High
3191-CSNMG,0.6481352260019563,Churn,High
8417-FMLZI,0.6475979049003943,Churn,High
3254-YRILK,0.6474655587309684,Churn,High
5449-FIBXJ,0.6471702135770891,Churn,High
8445-DNBAE,0.6462582483047719,Churn,High
4482-EWFMI,0.6458851198985288,Churn,High
7321-VGNKU,0.6458851198985288,Churn,High
7394-LWLYN,0.6458851198985288,Churn,High
9290-SHCMB,0.6458606177676083,Churn,High
3453-RTHJQ,0.6457306703656013,Churn,High
0772-GYEQQ,0.6451578653773085,Churn,High
8868-WOZGU,0.6449004008992252,Churn,High
7242-QZLXF,0.6448739667028116,Churn,High
4585-HETAI,0.6432718755663251,Churn,High
6519-CFDBX,0.6425087023136462,Churn,High
6502-HCJTI,0.6424853929423738,Churn,High
2985-FMWYF,0.642452239325324,Churn,High
3957-LXOLK,0.6423625339728003,Churn,High
8266-VBFQL,0.6419463139804525,Churn,High
3317-VLGQT,0.6415964199252663,Churn,High
0302-JOIVN,0.6414417294039378,Churn,High
1393-IMKZG,0.6414259505120872,Churn,High
2260-USTRB,0.6409158710344574,Churn,High
6204-IEUXJ,0.6403659057542144,Churn,High
4317-VTEOA,0.6397780112909783,Churn,High
0529-ONKER,0.6396265313198843,Churn,High
8107-KNCIM,0.6386847821419626,Churn,High
8642-GVWRF,0.6378821469628883,Churn,High
5937-EORGB,0.6378033437819755,Churn,High
9734-UYXQI,0.6363954057181049,Churn,High
2959-FENLU,0.6362448383971282,Churn,High
2082-CEFLT,0.6355810651457885,Churn,High
5077-DXTCG,0.6355810651457885,Churn,High
6128-CZOMY,0.6355810651457885,Churn,High
2135-RXIHG,0.6355810651457885,Churn,High
9752-ZNQUT,0.6355810651457885,Churn,High
5949-XIKAE,0.6353031522067091,Churn,High
3932-CMDTD,0.6351138002360446,Churn,High
9367-WXLCH,0.6350504037359171,Churn,High
1016-DJTSV,0.6346875632812862,Churn,High
3488-PGMQJ,0.6346875632812862,Churn,High
3999-QGRJH,0.6346875632812862,Churn,High
9889-TMAHG,0.6340158244398276,Churn,High
5609-CEBID,0.6339105017362193,Churn,High
5442-UTCVD,0.633520434298921,Churn,High
7363-QTBIW,0.6332906652486151,Churn,High
6000-APYLU,0.6332906652486151,Churn,High
0872-NXJYS,0.6332906652486151,Churn,High
0508-OOLTO,0.6332216004472835,Churn,High
9600-NAXZN,0.6330998943924314,Churn,High
1723-HKXJQ,0.6330998943924314,Churn,High
3247-ZVOUO,0.6324091008551889,Churn,High
7326-RIGQZ,0.6311452926781049,Churn,High
8873-GLDMH,0.6305055226113585,Churn,High
0125-LZQXK,0.6304728311445862,Churn,High
4566-NECEV,0.630388072629529,Churn,High
8650-RHRKE,0.6303460708467828,Churn,High
4439-JMPMT,0.6302831723342461,Churn,High
4373-VVHQL,0.6298639752151103,Churn,High
8705-WZCYL,0.6298639752151103,Churn,High
8356-WUAOJ,0.6298639752151103,Churn,High
6959-UWKHF,0.6298639752151103,Churn,High
4855-SNKMY,0.6298639752151103,Churn,High
9992-RRAMN,0.6298521154625811,Churn,High
5628-FCGYG,0.6298521154625811,Churn,High
5914-DVBWJ,0.6298412982091299,Churn,High
9526-BIHHD,0.629454208802931,Churn,High
0432-CAJZV,0.6294476926832279,Churn,High
8699-ASUFO,0.629227376414577,Churn,High
2235-DWLJU,0.6286312080990938,Churn,High
7783-YKGDV,0.6280482264995627,Churn,High
6595-YGXIT,0.6275616567461222,Churn,High
3235-ETOOB,0.6275170440106541,Churn,High
5366-IJEQJ,0.6274710419340682,Churn,High
0168-XZKBB,0.6274710419340682,Churn,High
7831-QGOXH,0.6274710419340682,Churn,High
6331-EWIEB,0.6274710419340682,Churn,High
6101-IMRMM,0.627408214384318,Churn,High
9947-OTFQU,0.6271895596309316,Churn,High
8325-QRPZR,0.6271510150031561,Churn,High
5027-QPKTE,0.6271510150031561,Churn,High
1475-VWVDO,0.6271510150031561,Churn,High
4291-SHSBH,0.6271510150031561,Churn,High
1689-YQBYY,0.626412562140504,Churn,High
1867-BDVFH,0.626412562140504,Churn,High
4299-SIMNS,0.6263872654575718,Churn,High
8063-GBATB,0.6263235020830563,Churn,High
6087-MVHJH,0.6255227349475543,Churn,High
6543-XRMYR,0.6255153375160238,Churn,High
9840-DVNDC,0.6251942055161082,Churn,High
2636-OHFMN,0.6248310542130306,Churn,High
6005-OBZPH,0.6242455615569047,Churn,High
3317-HRTNN,0.6236279231545248,Churn,High
2080-CAZNM,0.6236235888553852,Churn,High
7028-DVOIQ,0.6234127874867014,Churn,High
3420-YJLQT,0.623252902529178,Churn,High
2951-QOQTK,0.6232511417462188,Churn,High
2081-VEYEH,0.6229740682867908,Churn,High
1406-PUQVY,0.6227642785747013,Churn,High
9828-AOQLM,0.6227642785747013,Churn,High
4919-IKATY,0.6224745954038381,Churn,High
3751-KTZEL,0.6224352183074403,Churn,High
8132-YPVBX,0.6214580727815182,Churn,High
7571-YXDAD,0.6213928916353411,Churn,High
8337-MSSXB,0.6209896739716401,Churn,High
4342-HENTK,0.6202846165479172,Churn,High
9799-CAYJJ,0.6202846165479172,Churn,High
9253-QXKBE,0.6193129395680942,Churn,High
5028-HTLJB,0.6188826529583634,Churn,High
1226-IENZN,0.6187728593308359,Churn,High
1907-UBQFC,0.6187483287578204,Churn,High
4633-MKHYU,0.618713149329954,Churn,High
2568-BRGYX,0.6186787379803015,Churn,High
9391-EOYLI,0.6184721540929121,Churn,High
5288-AHOUP,0.6184721540929121,Churn,High
3374-LXDEV,0.6176536087446399,Churn,High
9402-ORRAH,0.6171234260076793,Churn,High
4361-JEIVL,0.616967292312391,Churn,High
6583-KQJLK,0.6168735233910083,Churn,High
9239-ZBZZV,0.6165053306206837,Churn,High
3329-WDIOK,0.6163926508227692,Churn,High
2034-CGRHZ,0.6162307494601629,Churn,High
6393-WRYZE,0.6161977509882488,Churn,High
5934-RMPOV,0.6159189674348979,Churn,High
5940-NFXKV,0.6159189674348979,Churn,High
2905-KFQUV,0.6153751726887321,Churn,High
4450-DLLMH,0.6153751726887321,Churn,High
3671-SHRSP,0.6151137605242445,Churn,High
2754-VDLTR,0.6150831082407093,Churn,High
4854-CIDCF,0.6141626615395905,Churn,High
1508-DFXCU,0.6138648559154539,Churn,High
3001-UNBTL,0.6138392494921003,Churn,High
3223-WZWJM,0.6135764101717245,Churn,High
3855-ONCAR,0.6124846200523402,Churn,High
0947-IDHRQ,0.6124787816347497,Churn,High
2665-NPTGL,0.6124720804338444,Churn,High
7029-RPUAV,0.6124715032154783,Churn,High
8708-XPXHZ,0.6123415146278918,Churn,High
2575-GFSOE,0.6122600225013952,Churn,High
1077-HUUJM,0.6122600225013952,Churn,High
4349-GFQHK,0.6121748214977784,Churn,High
1976-CFOCS,0.6121529660200795,Churn,High
6185-TASNN,0.6121529660200795,Churn,High
4706-DGAHW,0.6121529660200795,Churn,High
8080-DDEMJ,0.6121529660200795,Churn,High
7912-SYRQT,0.6116076536993611,Churn,High
3966-HRMZA,0.6111397631002116,Churn,High
0746-JTRFU,0.6107687386486846,Churn,High
9912-GVSEQ,0.6101256036445457,Churn,High
4123-DVHPH,0.6099130747781479,Churn,High
4958-XCBDQ,0.6096893352549836,Churn,High
6851-WEFYX,0.6096893352549836,Churn,High
0420-HLGXF,0.6096893352549836,Churn,High
6029-WTIPC,0.6096893352549836,Churn,High
4910-AQFFX,0.6095285109719797,Churn,High
2386-LAHRK,0.6094720757690315,Churn,High
4929-BSTRX,0.6094720757690315,Churn,High
4559-UWIHT,0.6092477100232266,Churn,High
9643-AVVWI,0.609173365391844,Churn,High
7881-EVUAD,0.6084793652983854,Churn,High
6400-BWQKW,0.6070321055295442,Churn,High
3370-HXOPH,0.6068465874222638,Churn,High
6496-JDSSB,0.6068397604253711,Churn,High
4277-PVRAN,0.6068397604253711,Churn,High
4325-NFSKC,0.6066817580248911,Churn,High
3411-WLRSQ,0.6066039601597802,Churn,High
8720-RQSBJ,0.606296002768171,Churn,High
1918-ZBFQJ,0.6062702829086904,Churn,High
9058-CBREO,0.6062577283067354,Churn,High
5405-ZMYXQ,0.6059641114634682,Churn,High
7802-EFKNY,0.6059629719529985,Churn,High
4815-GBTCD,0.6059629719529985,Churn,High
4059-IIEBK,0.6057133637172317,Churn,High
8035-PWSEV,0.6053453592779369,Churn,High
9054-FOWNV,0.6041936547748774,Churn,High
4817-VYYWS,0.6041434986763714,Churn,High
0871-URUWO,0.6040359089672047,Churn,High
2107-FBPTK,0.6040176646727069,Churn,High
1254-IZEYF,0.6040176646727069,Churn,High
8665-UTDHZ,0.6038946932102928,Churn,High
7823-JSOAG,0.6037924801237637,Churn,High
6260-ONULR,0.603672701102421,Churn,High
6127-IYJOZ,0.6033776904563821,Churn,High
3754-DXMRT,0.6032979899808232,Churn,High
4816-JBHOV,0.6032979899808232,Churn,High
7240-ETPTR,0.6032404809004884,Churn,High
7511-YMXVQ,0.6032404809004884,Churn,High
6818-DJXAA,0.6031493282639483,Churn,High
2983-ZANRP,0.6022924169252086,Churn,High
4289-DTDKW,0.6022124448760051,Churn,High
4283-FUTGF,0.6020576058805973,Churn,High
2568-OIADY,0.601997304926596,Churn,High
0411-EZJZE,0.6017564100497607,Churn,High
3249-ZPQRG,0.6009271888522666,Churn,High
8481-YYXWG,0.6007735357111011,Churn,High
6689-TCZHQ,0.6004278931559874,Churn,High
8485-GJCDN,0.6000536141358686,Churn,High
2815-CPTUL,0.6000536141358686,Churn,High
3420-ZDBMA,0.6000536141358686,Churn,High
